<EasyInstall>
    <Name>Red Dead Offline</Name>
    <Author>Bob Ross, Bolmin, LMS</Author>
    <Version>1.3.3</Version>
    <Link></Link>
    <Metadata>
    </Metadata>

    <Resources>
        <Resource>
            <DataFile>strings.gxt2</DataFile>
        </Resource>
        <Resource>
            <!-- General files for adding the items to the compendium. -->
            <FileReplacement>
                <GamePath>update:/x64/patch/textures/ui/ui_pausemenu/cmpndm_weapons_tu.ytd</GamePath>
                <FilePath>compendium/cmpndm_weapons_tu.ytd</FilePath>
            </FileReplacement>
            <FileReplacement>
                <GamePath>update:/common/data/progression/compendium.meta</GamePath>
                <FilePath>compendium/compendium.meta</FilePath>
            </FileReplacement>

            <!-- General files for adding the items to the catalogs around the world. -->
            <FileReplacement>
                <GamePath>update:/x64/packs/base/data/shop_items.ymt</GamePath>
                <FilePath>catalog/shop_items.ymt</FilePath>
            </FileReplacement>
            <FileReplacement>
                <GamePath>platform:/data/itemdatabase/catalog_sp.ymt</GamePath>
                <FilePath>catalog/catalog_sp.ymt</FilePath>
            </FileReplacement>

            <!-- Weapons files for unlocking weapons from MP. -->
            <!-- BASE -->
            <FileReplacement>
                <GamePath>update:/x64/packs/base/data/ai/weapons.ymt</GamePath>
                <FilePath>weapons/weapons.ymt</FilePath>
            </FileReplacement>
            <!-- MP005 -->
            <FileReplacement>
                <GamePath>update:/x64/pack_patch/mp005/data/ai/weapons_mp005_bountyhunter.ymt</GamePath>
                <FilePath>weapons/weapons_mp005_bountyhunter.ymt</FilePath>
            </FileReplacement>
            <FileReplacement>
                <GamePath>update:/x64/pack_patch/mp005/data/ai/weapons_mp005_collector.ymt</GamePath>
                <FilePath>weapons/weapons_mp005_collector.ymt</FilePath>
            </FileReplacement>
            <FileReplacement>
                <GamePath>update:/x64/pack_patch/mp005/data/ai/weapons_mp005_trader.ymt</GamePath>
                <FilePath>weapons/weapons_mp005_trader.ymt</FilePath>
            </FileReplacement>
            <!-- MP006 -->
            <FileReplacement>
                <GamePath>update:/x64/pack_patch/mp006/data/ai/weapons_mp006_moonshiner.ymt</GamePath>
                <FilePath>weapons/weapons_mp006_moonshiner.ymt</FilePath>
            </FileReplacement>
            <FileReplacement>
                <GamePath>update:/x64/pack_patch/mp006/data/ai/weapon_revolver_navy.ymt</GamePath>
                <FilePath>weapons/weapon_revolver_navy.ymt</FilePath>
            </FileReplacement>
            <!-- MP007 -->
            <FileReplacement>
                <GamePath>update:/x64/pack_patch/mp007/data/ai/weapon_bow_improved.ymt</GamePath>
                <FilePath>weapons/weapon_bow_improved.ymt</FilePath>
            </FileReplacement>
            <FileReplacement>
                <GamePath>update:/x64/pack_patch/mp007/data/ai/weapon_kit_camera_advanced.ymt</GamePath>
                <FilePath>weapons/weapon_kit_camera_advanced.ymt</FilePath>
            </FileReplacement>
            <FileReplacement>
                <GamePath>update:/x64/pack_patch/mp007/data/ai/weapon_melee_machete_horror.ymt</GamePath>
                <FilePath>weapons/weapon_melee_machete_horror.ymt</FilePath>
            </FileReplacement>
            <FileReplacement>
                <GamePath>update:/x64/pack_patch/mp007/data/ai/weapon_rifle_elephant.ymt</GamePath>
                <FilePath>weapons/weapon_rifle_elephant.ymt</FilePath>
            </FileReplacement>
            <!-- MP008 -->
            <FileReplacement>
                <GamePath>update:/x64/pack_patch/mp008/data/ai/weapons_mp008_bountyhunter.ymt</GamePath>
                <FilePath>weapons/weapons_mp008_bountyhunter.ymt</FilePath>
            </FileReplacement>
            <!-- MP009 -->
            <FileReplacement>
                <GamePath>dlc_mp009:/x64/data/ai/weapon_melee_knife_horror.ymt</GamePath>
                <FilePath>weapons/weapon_melee_knife_horror.ymt</FilePath>
            </FileReplacement>
            <FileReplacement>
                <GamePath>dlc_mp009:/x64/data/ai/weapon_melee_knife_hunting.ymt</GamePath>
                <FilePath>weapons/weapon_melee_knife_hunting.ymt</FilePath>
            </FileReplacement>
            <FileReplacement>
                <GamePath>dlc_mp009:/x64/data/ai/weapon_melee_lantern_halloween.ymt</GamePath>
                <FilePath>weapons/weapon_melee_lantern_halloween.ymt</FilePath>
            </FileReplacement>
        </Resource>
    </Resources>
</EasyInstall>