<EasyInstall>
    <Name>Cineastic Euphoria Ragdoll Rework (C.E.R.R)</Name>
    <Author>AnymYo aka leckeres_bratgut</Author>
    <Version>1.0.8 HB</Version>
    <Link></Link>
    <Metadata>
    </Metadata>

    <ResourceGroups>
        <ResourceGroup name="C.E.R.R but still RDR2">
			<Description>A reworked Euphoria configuration to bring back the cineastic and diversified shot reactions you know from games like GTA4, RDR1 or MP3, to make shooting fun again! I hope you enjoy :)</Description>
			<Resources>
				<Resource>peds_shots</Resource>
			</Resources>
		</ResourceGroup>
	</ResourceGroups>

    <Resources>
        <Resource name="C.E.R.R but still RDR2" scriptName="peds_shots">
            <FileReplacement>
                <GamePath>update:/x64/data/tune/physicstasks.ymt</GamePath>
                <FilePath>cerr/physicstasks.ymt</FilePath>
            </FileReplacement>
        </Resource>
        <Resource name="C.E.R.R but still RDR2" scriptName="peds_shots">
            <FileReplacement>
                <GamePath>update:/x64/packs/base/data/ai/weapons.ymt</GamePath>
                <FilePath>cerr/weapons.ymt</FilePath>
            </FileReplacement>
        </Resource>
        <Resource name="C.E.R.R but still RDR2" scriptName="peds_shots">
            <FileReplacement>
                <GamePath>update:/x64/packs/base/data/metadata/explosion.ymt</GamePath>
                <FilePath>cerr/explosion.ymt</FilePath>
            </FileReplacement>
        </Resource>
    </Resources>
</EasyInstall>